word,polar
able,2.639373993
abrasive,1.675191287
absent,0.485064882
absolute,0.473787953
abstract,2.006855726
absurd,-3.77787441
abundant,1.152269159
abusive,-1.230497098
academic,6.000101486
acceptable,1.931534858
accessible,5.072871883
accidental,-1.230631733
accurate,3.373191652
acidic,0.694563782
acoustic,2.503752735
acrostic,-1.170897982
action,1.564783441
active,3.591802465
actual,1.32182676
adaptable,4.408283437
addictive,0.200934163
additional,4.64695464
addressable,2.317510014
adequate,0.596756763
adjacent,3.907778931
adjustable,4.341169598
admirable,0.57753244
adoptive,2.643858059
adorable,-1.213662813
adventurous,1.680850378
adverse,-1.864060087
aerobic,1.143567918
aerodynamic,3.647336411
affluent,-0.722805669
affordable,5.859416785
aflame,-2.336272361
afraid,-1.391042499
aggressive,0.489775397
agile,1.647310995
agonizing,-2.746842521
agressive,1.231004263
airy,2.902686289
alcoholic,1.173319508
alien,-2.121659084
alive,-0.097109843
allowable,2.886048635
alternate,1.360247507
altruistic,-1.105170321
amateurish,-1.757376364
amazing,0.975175757
amber,-0.649442994
ambivalent,-5.206251
ample,1.88727691
amusing,-1.529374471
anal,-1.452385314
analytical,4.68893665
ancient,0.894252214
anemic,-1.40769679
angelic,-3.501715125
angry,-2.972706695
angular,2.643582642
annoying,-0.885804465
annual,5.355092679
anticlimatic,-1.180909688
antique,2.002433189
anxious,-1.50062089
apocalyptic,-4.297912521
apologetic,-1.96922867
app,2.841547331
appalling,-1.971284001
apparent,0.338426895
appealing,0.776939277
applicable,4.901666534
appreciative,1.340008548
apprehensive,-2.095121032
appropriate,3.776202465
apt,0.144615608
archetypal,-0.69974777
architectural,6.398602368
arrogant,-1.953633311
artical,-0.269036992
artificial,0.979451216
artistic,1.394934826
artsy,-0.29087389
ashamed,-3.520641872
asian,0.353001054
aspiring,1.421259543
assertive,-0.658492922
assorted,1.980178504
assy,3.298865436
asthmatic,-1.345603992
astonishing,0.377763246
astute,-0.968522294
atrocious,-3.190665307
attentive,1.896822285
attractive,2.344704385
audio,4.099033997
august,2.574491312
authentic,1.720908494
autobiographical,-1.208613482
automanual,5.701596318
automatic,2.843466391
automotive,6.062679974
auxiliary,6.927708287
available,4.906123866
availble,3.405651552
avaliable,3.673124682
average,2.330040011
avid,4.580027912
awake,-1.980600163
aware,2.313516579
awesome,2.051292124
awful,0.197040978
awkward,-0.567076667
awry,-3.401119101
backstory,-1.68145803
bad,-1.636519784
bake,3.005455999
balanced,1.634883018
balky,-1.207255596
bare,-0.644499538
barmaid,-1.698112268
basic,3.767157804
beachy,1.209824049
bearable,-0.493185922
bearded,-2.66439206
beaty,1.22677635
beautiful,2.491162321
becareful,-0.668148114
beefy,1.131058317
beige,3.255456075
beleive,-1.945294499
believable,-0.822119216
believeable,-1.34268077
beloved,-1.137282192
benevolent,0.044193468
best,4.950096235
bestselling,2.350308578
bible,-0.264136515
biblical,-0.160530275
big,1.65611562
biological,2.319304712
bittersweet,-0.743899269
bizarre,-1.830967529
black,1.015797295
blameless,-0.947224429
bland,1.673817326
blank,1.698440311
blatant,-1.090873028
blind,0.495857288
blinding,-2.343513348
bloated,-1.525194682
blonde,-1.235605995
bloody,-2.202766602
blue,2.255277834
blunt,-1.18554174
bodily,-1.021071728
bold,0.805804916
booted,0.094478076
borderless,3.258588386
borderline,-0.173868654
bored,-1.046081644
boring,-0.362669961
bothersome,0.385681486
bottled,3.020854797
bouffant,-0.114508777
bouncy,-1.218138912
boxy,2.405577242
braided,3.576375872
brainless,-2.93096335
brash,-1.010044563
brassy,-0.9909529
brave,-1.544895747
brazen,-3.360678723
breathless,-3.47485313
breathtaking,3.659791729
brief,3.040378595
bright,2.041361898
brilliant,0.621693403
brittle,-0.73952092
broad,3.981951568
bronze,1.975978167
brown,1.879163559
brutal,-3.426862594
bubbly,2.177897496
buff,0.47355259
bulky,4.022646429
bumpy,0.545967834
burble,-1.628484438
businesslike,0.009659808
busted,-2.154146089
busy,1.920674844
calm,-0.08384723
canary,1.386070893
canned,1.502412442
capable,2.760433733
capacious,-0.238370359
capitalist,-1.330932276
captivating,2.146791855
careful,0.975218922
carpal,0.456976736
casual,-0.346629082
catastrophic,-0.338705702
catchy,0.179229052
caustic,-0.617307582
cautious,-1.638926197
cavernous,-1.134107731
cellular,2.526183083
center,4.92096298
central,2.424243606
centrifugal,2.935701616
ceramic,3.726979066
ceremonial,-0.690366313
challenging,2.902923711
chaotic,-0.520470507
characteristic,0.884066554
characterless,-1.830339969
charismatic,-0.462932889
charming,-0.265056115
cheap,0.355310301
cheeky,-2.354393096
cherry,0.416253942
cherubic,-1.924048929
chewy,2.101119859
chic,1.060550792
chief,1.996043942
childish,-0.85243182
childlike,-1.408093429
chilly,-0.698637052
choppy,1.072168187
chronic,-0.749448885
chubby,-5.655366213
chunky,-0.179878702
cinematic,-0.826478434
circular,0.54099978
civil,0.496106363
civilized,-1.359978986
classic,1.315958752
classical,3.367367479
classy,0.095563457
clean,1.896803361
clear,1.28976022
clever,-0.012303259
climatic,2.508957584
clinical,3.451071703
cloudless,-1.503097838
cloudy,2.039351831
clumsy,-0.138199615
clunky,0.007826801
coarse,1.464802765
cocky,-2.364382874
cofortable,-3.493277201
cogent,-1.102861116
cognizant,2.804886619
coherent,1.16822577
cold,0.137093615
collectible,2.919273682
collective,0.974367227
colored,0.658254887
colorful,3.560352068
coloured,0.121324821
comedic,-2.141171574
comfortable,2.903027657
comic,-1.726059723
comical,-1.242843938
commecial,0.477334008
commendable,-0.070238087
commensurate,2.173502918
commercial,4.026602402
common,1.706896149
commonplace,0.46896423
comp,0.952867046
compact,4.395955828
comparable,2.668811716
compatible,2.589585769
compelling,1.403988353
competent,1.306191535
competitive,3.715945643
complementary,3.801385691
complete,3.529490139
complex,2.984602053
complimentary,4.640431538
comprehensible,2.570388521
comprehensive,5.267164961
compulsive,-1.652009432
conceptual,2.098616204
concise,4.777432988
concrete,0.085154577
condensed,3.458762657
conducive,1.826807421
conductive,4.943090012
confident,1.592556783
configurable,3.601261948
conformist,-2.155957293
confusing,-1.020363719
congested,0.069732606
conscious,-0.665972402
conservative,-0.65275165
considerable,0.999281007
considerate,-0.663962499
consistent,2.825049422
constant,1.582619347
consummate,-0.199639753
contageous,-1.227638395
contemporary,2.983702407
continental,3.661494897
continual,2.013732054
continuous,3.916969799
contractual,3.018555091
controllable,2.573872395
controversial,-1.272667166
convenient,2.391441103
conventional,1.472067993
convincing,-1.270688529
convoluted,-1.808728631
cool,1.446339993
cooped,-2.427352625
cordial,-0.176523133
cordless,5.548937711
corked,-2.047740615
corny,-2.085061538
coronal,2.520315692
corporate,5.241407157
correct,3.279190298
corrupt,-3.360099142
costly,1.49269953
countless,0.146352805
couple,0.731996189
courageous,0.518777986
courteous,1.863589704
cozy,3.043818812
cranial,0.184751212
cranky,-2.302359973
crass,-4.070304895
crazed,-3.905405787
crazy,-0.233586718
creaky,-1.570707601
creative,4.002616838
credible,-0.98966735
creepy,-1.742865714
criminal,0.360672646
crisp,3.754002935
critical,3.118314373
crooked,-1.064801555
crucial,1.511609251
crud,0.286693942
cruel,-3.077491436
crumbling,-2.046816107
crummy,-2.045676024
cryptic,0.38775768
cryptographic,2.612806628
cubic,1.647544249
culinary,4.488339766
cultural,3.054293331
cumbersome,2.784369466
cupid,-1.555334055
curious,-0.025027194
curly,-1.714514409
current,3.612190621
cursory,-1.276286229
curved,1.265667101
cushiony,0.546193699
customary,1.077640118
cute,-0.865473676
cynical,-2.462238862
daily,1.801796511
dainty,-0.307132615
damaging,-1.658660948
damn,-1.590839112
danceable,1.096630423
dandy,-1.063561273
dangerous,-1.027891514
dark,-0.300173986
darn,0.427396295
dazzling,2.324882718
dead,-1.192153631
deadly,-2.222553782
dear,0.940172092
debatable,-3.386369687
debilitating,-2.372645965
decadent,-1.566311683
deceased,0.97451926
decent,-0.370769317
decisive,0.657489515
decorative,6.065353211
defective,0.861715247
defensive,-0.237847299
defiant,-2.179207749
deficient,1.036604711
delicate,0.569597464
delicious,2.137670939
delightful,3.375819629
deluded,-4.159967518
delusional,-2.839505379
deluxe,4.342768144
demographic,1.60231369
dense,2.46361004
deodorant,2.429122381
dependable,4.635474596
dependent,2.236369301
deplorable,-2.566885648
depressed,-2.968807723
derogatory,-3.826725977
descriptive,2.950112832
deserving,1.588436486
desirable,3.083686195
desolate,-2.496502039
desperate,-1.830249526
desultory,-2.331073813
detailed,5.176688649
detestable,-2.669284777
dexterous,-0.349353793
diabolical,-2.966974403
different,3.09049104
difficult,2.142538933
digital,6.300270427
dilapidated,-0.225717425
diligent,1.444884708
dim,0.027917252
dimensional,4.034486814
diminutive,0.743360473
dingy,-0.416697181
dionysian,-1.974828554
dire,2.416247377
direct,3.943115183
directional,4.201120244
directorial,-0.143575849
dirty,-0.910582213
disabled,2.538875249
disappointing,0.288128817
disasterous,-2.033749709
discernable,0.528597135
disconcerting,-0.756978413
discouraging,-0.778067661
discriminating,-1.656172418
diseased,-1.855762715
disgusting,-3.927575554
disheveled,-1.582761166
disimilar,0.371661906
dismal,0.073737687
disobedient,-1.559059875
disorderly,0.02871013
disorganized,0.188395547
dissatisfied,-0.436839662
distant,0.282249585
distinct,1.932139084
distinctive,3.057655324
disturbing,-1.304640071
divine,-2.117787683
documentary,-0.193561809
dogged,-1.336889545
domed,2.999614863
domestic,2.014556163
double,2.443194074
drab,0.05608469
dramatic,1.622432334
dreadful,-2.038602655
dreamlike,-0.589841193
dreamy,-0.612296632
dreary,-3.00655619
dribble,-0.203470233
drivable,1.445750405
drunk,-2.374356031
drunken,-1.999174109
dry,2.248265327
dual,3.078895893
dubious,-0.688336096
due,1.723196788
dull,-2.420277057
dumb,-2.326461535
dummy,-0.453036668
duplex,3.167844791
duplicate,3.30142495
durable,6.061230271
dysfunctional,-1.290845925
eager,0.029877268
early,2.155660218
earnest,-0.893408689
earthly,0.062114517
earthy,1.245488769
east,2.251000805
easy,2.774043862
eccentric,-0.171779468
eclectic,3.258119166
economic,1.779238113
economical,3.361744964
ecstatic,-1.858236923
edgy,-1.948969742
educational,5.729895357
eerie,-1.701975495
effective,3.557775496
efficient,3.807624723
effortless,3.04957165
egregious,-2.745386808
elaborate,-1.565760971
elder,2.306683781
elderly,-1.648477577
electric,1.719397725
electrical,3.7317581
electronic,5.164350517
elegant,2.196925983
elementary,3.090937571
elfin,-0.417089111
emotional,-0.031854825
empirical,-0.406584476
empty,-0.689144438
endearing,-0.695554041
endless,-0.366342482
energetic,2.846180553
engaging,1.088093906
engrossing,-0.127602171
enjoyable,2.655141483
enlightened,-1.159858522
enthralling,1.835582748
enthusiastic,2.227226733
entire,1.996897107
enviable,2.830553028
envious,-3.74805455
environmental,3.949038615
episodic,-0.067818572
equal,1.370922852
equitable,1.950169534
ergonomic,9.172324937
erotic,-1.383605965
esoteric,0.29273435
essential,2.947961539
eternal,-2.113655403
ethereal,-0.092591742
euphonious,-2.801927781
european,1.94873321
evasive,-4.627710468
eventful,0.447046214
eventual,-1.666496108
everyday,1.49073775
evident,-0.544290256
evil,-2.756400098
evocative,1.767292218
exact,1.538348102
excellent,5.430402216
exceptional,4.17550122
excessive,-2.515844262
exciting,4.48167495
exclusive,1.548417163
exempt,2.248472163
exotic,0.867197019
expandable,5.49798348
expansive,3.292611936
expensive,1.865086562
experimental,2.736296318
explanatory,1.545124281
explicit,-0.766963049
exploratory,1.496058805
exquisite,2.923397732
extendable,4.782821356
extensive,3.714293689
exterior,3.417471997
external,3.810882563
extra,1.856902433
extraordinary,0.853245069
extraterrestrial,0.20945561
exuberant,-0.332303293
fabolous,-5.840894968
fabulous,-1.268499998
facial,-1.90013392
factual,-0.0110771
faint,-1.870622884
fair,0.763854519
faithful,-1.783044508
fake,-2.84976493
false,-0.693398385
familiar,1.38345844
famous,0.980265961
fanastic,0.042535513
fanciful,-0.297218567
fantastic,2.293063312
fantastical,-2.516954179
fascinating,0.43316146
fat,0.15527228
fatal,-1.972000155
faulty,1.126297017
favorable,0.956368192
favorite,3.303685767
fearless,-0.687070609
fearsome,-0.653094984
feathered,-0.318658298
featureless,0.344953353
federal,4.227685079
feminist,-0.62490736
fenced,2.684943451
festive,2.104070153
fictional,-0.366926743
fictitious,-0.017902883
fierce,-3.066583867
fiery,1.295231395
fifth,1.997174483
filmy,-2.416365322
filthy,-4.21369181
final,2.750743415
financial,5.607782904
fine,2.785556912
finnish,2.66866872
firm,3.574393767
first,3.789555764
fit,1.749260346
fitting,0.73854518
flaky,0.015272831
flashy,1.97783091
flat,2.838416836
flavored,2.776479388
flawless,2.028234645
flexible,5.863560782
flimsy,-1.459880745
flipping,0.887826578
flirtatious,-0.875069504
floppy,1.925451951
fluffy,-0.270224181
flush,0.99368796
focal,3.528670213
folding,3.958714757
fond,0.560821308
foolish,-2.105583029
foolproof,0.82476309
forceful,-0.989557088
foreign,2.333434921
foremost,0.63703845
forgettable,-0.372164497
forgivable,-1.578497454
forked,0.373928878
formal,2.514335844
formative,1.004132296
former,2.087893376
formidable,1.55786554
formulaic,0.433484563
fortunate,5.265891809
foul,-3.098829367
fourth,3.124636534
fragile,0.39625166
frameless,3.61116631
fraudulent,2.630043694
frayed,0.466178702
freaky,-4.101946589
free,3.870279347
frequent,1.418092988
fresh,1.729035749
friendly,4.175993335
frigid,-0.130646454
frilly,-0.872062489
frontal,-2.322832573
fruitful,2.698990713
frustrated,-3.945972643
frustrating,0.383367332
fugitive,-2.480217897
full,1.897378883
functional,2.946261428
funky,0.626854214
funny,-3.278999397
furthermost,-2.361601177
fussy,-2.04857128
futile,-1.301689719
futurisitic,0.149490305
fuzzy,-0.481210732
gala,4.094085297
game,0.118575797
gaudy,-2.214377823
gay,-2.328115682
geeky,-2.713888652
general,1.694551547
generic,-0.641415388
generous,-0.387632291
genetic,-0.021432318
genious,-0.90205712
gentle,-2.041236367
genuine,-1.340310886
ghastly,-6.8406648
giant,-1.332860417
giddy,-3.812330747
gifted,2.222515635
gigantic,-1.448271174
gimmicky,-0.201672575
glad,-1.328145042
global,2.318599891
gloomy,-1.070899538
glorious,-2.982088831
glossy,2.27914912
golden,-0.147257787
good,1.872093066
gorgeous,-0.762818381
gothic,-1.359644895
graceful,2.323095916
gradual,0.722203089
grand,1.685850753
grandiose,-2.041933307
graphic,2.997276769
grateful,-1.643372676
gratuitous,-4.414892129
grave,-2.560656736
gray,-0.155585938
greasy,-2.787016979
great,1.554025746
greatest,1.001279535
greedy,-3.49104561
green,0.706893392
greenish,-0.587504641
grey,-1.16216027
grid,3.991013511
grilled,0.800085837
grim,-3.672079987
grimy,-3.586300956
grisly,-4.035710444
gritty,-1.786573713
gross,-0.923561115
grotesque,-3.193929824
gruff,-2.129954873
guilty,-2.819015388
gutless,-3.583301804
hackneyed,-1.186503236
hairy,-1.083803756
handicapped,4.098568449
handsome,-2.273353366
handy,0.482398351
haphazard,-2.77042966
happy,0.172701222
hard,0.427162343
harddrive,0.339835528
hardy,0.113001161
harsh,-3.058291175
hateful,-1.078022128
haunting,-2.40682063
healthy,0.767805105
heartfelt,0.742463442
hearty,1.101077305
heavenly,-0.866135762
heavyish,0.468096215
hectic,2.214486407
heedless,-2.55719445
hefty,-1.582812612
helpful,3.225888645
heroic,1.017527731
hesitant,-0.383972462
hideous,-2.660433529
higher,2.334121018
hilarious,-3.326690553
historical,1.576509335
ho,-1.32026823
holy,-1.613546778
homeless,-1.442187746
honest,-1.437485258
honorable,-0.706023841
hooked,-1.207352676
hopeful,-1.361976867
hopeless,-2.354326055
horizontal,4.65697617
horny,-1.989592949
horrendous,-3.524525352
horrible,-4.111615433
horrid,-1.308297211
horrific,-0.660792431
horrifying,-2.99686013
horror,-2.339507444
hospitable,0.598307971
hostile,-3.979880793
hot,0.467301413
hourly,3.319453658
hubristic,-3.464395752
humanistic,-0.38000471
humble,-2.978771542
humid,1.757722533
humongous,-1.95909323
humorous,-1.680708659
hungry,-1.839411089
hushed,-3.043750975
hydrated,3.065280776
hydraulic,3.777729354
hyperactive,-1.093799116
hypersexual,-4.30317863
hypnotic,-5.571075775
hypocritical,-0.575014783
hysterical,-0.675078863
ical,1.902094557
icy,1.645462959
id,3.520571185
ideal,2.567927248
idealistic,-2.095244256
identical,-0.027062599
idiotic,-3.844860234
idle,-2.850575822
idyllic,2.336522216
ignorant,-4.528385843
ill,-1.597837776
illegal,-1.874674873
illegitimate,-2.594600919
illogical,-2.698025721
imaginable,0.658637231
imaginative,2.128852634
imagineable,-1.729048878
imaginitive,-1.508101694
immaculate,1.693721076
immature,3.106705918
immediate,2.111730498
imminent,-1.303905909
impatient,-0.704342008
impeccable,3.10440987
impenetrable,-2.508552505
imperfect,-0.584089152
implausible,-2.484886691
important,2.619825512
impossible,-0.104575973
impotent,-2.431213669
imprecise,-0.068779892
impressive,1.602444955
impulsive,-2.196758739
inaccurate,0.398428654
inadequate,-0.061399041
inane,-3.114149326
inappropriate,-0.814206375
inattentive,-2.810418756
inaudible,0.149871646
incapable,-1.965241112
incendiary,-1.169588211
incoming,3.509922261
incommunicative,-2.434485307
incompatible,-0.698384877
incompetent,-0.534018984
incomplete,0.860139739
inconvenient,-0.154892016
incorrect,-0.618108394
incredible,0.388129597
independent,2.782973633
indifferent,-1.7497515
indigenous,1.179831285
indirect,1.017800761
indistinct,-1.209411726
individual,3.153109021
indomitable,0.190488043
indoor,4.07784543
indulgent,-2.462171436
industrial,3.191154249
inefficient,0.545898399
inept,-4.043547648
inescapable,-2.403393747
inevitable,-1.398901886
inexcusable,-2.597099283
inexhaustible,-1.0241959
inexpensive,3.115550967
inexperienced,-0.093375159
inexplicable,-3.565410872
inexpressible,-1.219613551
infamous,-2.787791258
infectious,1.588616601
infinite,0.591055865
inflexible,-1.035425746
influential,0.727355387
informal,2.957485664
informative,3.97916418
infrared,4.727623421
ingenious,1.607074661
ingenuous,-0.980967499
inherent,0.763630022
initial,3.15120971
innate,-0.340051227
inner,1.128995491
innocent,-2.286047113
innocuous,-3.119725892
innovative,6.279829715
innumerable,-0.674536765
inoffensive,-2.033562726
inoperable,0.42169975
inoperative,-0.241071776
inopportune,-1.779844423
inquiring,-1.075069816
inquisitive,-0.967680298
insane,-3.204608736
insecure,-1.507822806
insightful,1.914859739
insignificant,-1.257427496
instinctive,-2.218378405
instructional,7.997923822
instrumental,2.448980106
insufficient,-0.265525035
insulting,-2.02087178
intact,-0.486952297
intangible,1.802985441
intellectual,2.530660547
intelligent,1.920301177
intense,0.551080085
intensive,2.356374283
intentional,-0.130403094
interesting,1.409389096
intergalactic,-0.592138489
intergenerational,1.225853241
interior,2.925787861
interminable,-1.118311896
intermittent,0.641053039
internal,2.605257045
international,4.210521403
interstate,2.108514965
intimate,-0.572082147
intoxicated,-2.859934197
intoxicating,-1.167907958
intricate,0.100222059
intriguing,1.681352232
intrinsic,2.784959145
introductory,3.891762388
introspective,-0.329614185
intrusive,0.040151589
intuitive,3.615736895
invective,-3.115680397
inventive,1.204754832
inverted,0.943679069
investigative,1.635109965
invincible,-3.165232284
invisible,-0.621209753
inviting,2.224891272
ironic,-2.417205763
irregular,0.00733104
irrelevant,-1.592155691
irreverent,-1.120806986
irritating,-0.193563806
isolating,0.132236198
italic,0.357405909
ive,-1.826975197
jaded,-3.090790619
jazzy,0.087664082
jealous,-2.894962863
jittery,-1.562307327
joint,3.549309998
jolly,2.398963663
joyous,1.147400174
jubilant,-1.200230788
jumperless,0.879410731
junior,2.646766074
juvenile,0.99464435
karmic,-0.498348309
keen,-0.65869991
kentucky,2.544573024
keyless,6.887583571
kicky,-1.888935322
kindly,-0.393564975
kitty,-2.172762592
knowledgeable,4.250431294
laborious,-0.401250728
lackadaisical,-2.09792953
laden,-2.892923983
ladylike,-2.217960647
lame,-2.922464606
languishing,-1.688915319
large,2.447400409
last,2.297600069
late,0.886058887
latent,0.536975684
lateral,0.236967134
laughable,-2.318505637
lavish,-1.897691633
lax,2.088626327
lazy,-1.192009581
leaden,-2.501748105
lean,-2.052080738
legal,1.696737131
legendary,0.04429369
legged,-1.231808729
legible,2.049372892
legitimate,-1.466473266
leisurely,0.90367787
lengthy,-0.650367462
lethal,-2.477236513
liberal,-0.665866685
lifeless,-4.752370321
lifelike,1.78338726
lighted,2.144194637
lighthearted,0.590548756
likeable,-2.192617399
likely,-0.180258092
lilliputian,-1.646921796
linear,2.668747137
listenable,-0.873949956
literal,-1.442149618
literary,0.016950869
literate,0.524488386
liveable,0.342691734
lively,1.618907918
liveried,-2.181699487
living,0.463926832
loathsome,-3.105505295
local,2.242578526
locking,0.230409524
lofty,-0.212532971
logical,0.160132558
lone,-2.428984837
lonely,-1.931483622
long,1.08357769
longish,-1.87935913
loony,-2.946464146
loopy,-2.726762269
loose,-1.304876359
lopsided,-1.680528263
loud,-1.445525523
lousy,-1.112860421
lovable,-1.819790909
loveable,1.966032334
lovely,0.808351298
loving,-0.769245152
low,1.764297668
lowly,-3.682615331
loyal,-0.845416673
luaus,2.467554875
lucid,0.385201026
lucious,-2.045013064
lucky,-0.093678829
ludicrous,-0.583025718
lumbar,2.332474007
lunar,1.383674957
luscious,-0.335896403
lush,1.686096883
luxurious,3.315020963
lyric,-1.189104334
lyrical,-1.162687889
mad,-2.957220114
maddening,-1.806893042
magical,-1.69936152
magnetic,1.302607381
magnificent,-1.178799004
main,0.912843614
major,1.336178491
maladjusted,-2.677351744
male,-1.921449456
malicious,-0.446957806
man,0.235998011
manageable,2.137755071
manifest,-1.651684362
manly,-0.243592469
manned,-1.241530177
manual,3.942840354
marginal,-2.78742717
maroon,-0.719426522
marvellous,-0.496703556
marvelous,0.868533519
mary,2.294848323
masterful,-1.524962233
masterly,-1.60404523
materialistic,-3.424926173
maternal,-0.63281368
matey,-0.912818351
mature,-1.351264492
maximum,2.591477458
maximus,-1.477572362
meaningful,0.841488883
meaningless,-2.514849521
meaty,-1.316006229
mechanical,1.465603705
medical,2.072214708
mediocre,-1.147433067
melancholic,-0.997573118
mellow,-0.803536162
melodic,0.392838798
melodramatic,-2.348482107
memorable,1.821870034
mental,-0.187653634
mere,-2.189150638
merry,-1.580566556
messy,-4.277530146
metalish,-2.551784467
metallic,0.334283658
metaphoric,-3.140531595
metaphorical,-2.547703829
meteorological,2.748991241
meticulous,-0.270789673
mic,1.102923875
mid,1.245660226
midweek,2.839132629
mighty,-3.516102983
migrant,-0.897279501
mild,-4.295013365
military,-0.702395932
millenial,-3.773396833
mimic,1.089925059
mine,0.219397069
minimal,0.541279434
minimum,2.598369428
minor,0.256301024
miraculous,-2.240789637
miscellaneous,1.209098153
mischievous,-3.434638491
miserable,-5.745564438
misguided,-4.478626349
mish,-2.049467166
misogynistic,-5.285632573
mobile,1.618361448
modeling,2.682350721
moderate,-1.262806564
modern,0.227162499
modest,-0.523330619
modular,5.096959171
moist,-0.1531828
moldy,-2.228120487
momentary,-2.350207248
monetary,0.17416955
monolithic,-0.717428173
monotone,1.686377321
monotonous,-2.29162023
monstrous,0.243683832
monumental,2.404460208
moody,0.240043109
moot,0.003732881
moral,-2.058266303
morbid,-4.431315635
mountainous,0.264090177
mournful,-1.874317298
movable,-0.140165385
muddy,2.051096321
multiple,3.046164229
multisyllable,-1.559483395
mundane,0.710920061
murderous,-3.574469505
muscular,-1.515520567
musical,2.073773076
mute,0.229033828
muteable,-4.829670931
mutual,0.06406942
myriad,0.69553043
mysogonystic,6.092293759
mysterious,-1.265640039
mystic,-1.521186327
mystical,-0.088839308
mythical,-1.640973976
naive,-1.835667307
naked,-2.333487794
nameless,-3.134817755
narrow,1.14510452
nasal,-1.780872751
nasty,-5.460098693
natical,2.199056216
national,3.453554191
nationwide,2.646855866
native,3.0645608
natural,1.784824145
naughty,-1.367086913
nauseous,-3.103525714
navigational,4.48357714
nearby,2.000909591
neat,0.753889599
neccessary,-0.264408674
necessary,2.693112122
needless,-1.390135121
negative,-0.724264099
negligent,-1.097592938
negligible,2.337578726
nekkid,-2.956064033
nervous,-0.455093685
net,2.798469911
neurotic,-3.783522607
neutral,-0.294922107
new,3.586298998
newfound,-1.661491858
next,2.36437329
nice,3.201086399
nighttime,1.309584901
noble,-0.83715557
noisy,1.012171464
nonchalant,-1.546168091
nonexistent,-2.507549577
nonsensical,-3.358966824
nonstop,-1.349006699
nontheless,-1.169398849
normal,0.522540718
northeastern,4.421157613
northern,2.720661303
nostalgic,-0.157034467
nosy,-1.810255103
notable,0.490027463
notchy,-1.849627575
noteable,0.196871159
noteworthy,1.560505591
noticeable,0.665342699
notorious,-5.83452902
nude,-1.360528645
numb,-2.516161657
numeric,1.409823766
numerical,4.04616246
numerous,2.679703797
obligatory,-0.986960052
obscene,-0.599383893
observant,-1.21638425
obtainable,3.1011783
obtrusive,0.258235989
obvious,0.069917694
occaisional,-1.019513418
occasional,-0.137299675
odd,-1.071558192
offended,-3.95876719
offensive,-0.562949483
offhand,-1.227502434
official,2.643141757
ok,1.09832159
okay,-0.075767109
ol,-1.381347591
old,1.227222289
ole,0.112419227
olfactory,-0.058681859
olive,2.281217456
ominous,0.233868339
omnivorous,-1.15111429
open,2.962840895
operational,5.299093684
operative,-0.504401035
opposite,0.201874851
optical,6.440543966
optimistic,-0.219197446
optimum,4.624239299
optional,4.385186357
orange,-0.013076597
orchestral,2.977562157
ordinary,0.652963487
organic,2.742652514
orgasmic,-2.116643909
oriental,-2.210807052
original,2.808925156
origional,1.232578699
ornate,2.789889371
ornery,-2.121431121
otherworldly,-0.827351833
outdated,2.467479155
outdoor,6.001833517
outgoing,3.962476889
outlandish,-2.921016135
outlive,-0.201152318
outrageous,-2.710172429
outright,-1.942299834
outspoken,-0.099107655
outstanding,6.306610988
outward,0.482246018
oval,1.678698356
overall,3.865078654
overdrive,-0.609457734
overdue,0.0729327
overgrown,-1.092379909
overhead,1.868131605
oversized,3.328039045
overweight,0.245404117
overwhelming,-0.465970424
overzealous,-2.079719875
owing,0.592606065
own,2.038342293
padlockable,11.78538941
paid,1.570016308
painful,-1.712520048
painstaking,0.600631921
palatable,-1.736529688
pale,-2.898393968
pampered,1.017211344
panasonic,3.623767858
panful,-1.078735258
panoramic,8.249007487
paperback,3.797263673
papery,1.398894449
parallel,2.142263626
paramount,-0.127688567
paranoid,-2.806686328
paranormal,0.019263069
parasitic,-1.233732272
partial,2.335826599
passionate,-0.082289418
pastel,3.685557785
pastoral,2.299453634
paternal,-2.506458167
pathetic,-4.266760928
patient,2.10782665
patriarchal,-3.271742425
patriarchic,-1.195840166
patterned,2.350131667
peaceful,-2.328516094
peak,1.558288098
pearly,-1.954174595
peculiar,-1.851005454
pedestrian,0.216551533
peppered,-1.26107599
perceivable,-1.151099552
perennial,0.882881179
perfect,0.786320954
perforated,3.023184023
permanent,0.541790827
perpetual,-1.312631433
perplexed,-3.049466958
persistent,-2.579690792
personal,1.519959873
persuasive,0.360279725
perverse,-2.148905692
phenomenal,1.893492275
philosophical,-1.284585301
physical,1.810434653
pic,-0.43417222
pickled,-0.130307456
picky,-0.112857404
pinched,-3.632292239
pink,0.359399585
pique,2.386096874
pitiful,-2.48187261
plain,-0.279664633
plastic,0.895991627
plasticky,-2.411432825
plasticy,-1.484598577
plausible,-2.462786607
playable,1.611277884
playful,-1.419956298
pleasant,-0.280525352
pleasing,-1.847723627
plentiful,0.695667984
plucky,-1.88079721
poetic,-1.083146615
poignant,0.011382262
pointless,-4.169405239
pointy,-4.240457591
polar,-0.059600681
polite,-1.390582357
political,-1.01330324
poor,-3.134458147
popular,1.382625842
portable,3.679569778
portly,-2.170914862
positive,2.180994189
possible,1.292751543
postal,1.925629431
potent,-1.903983476
potential,1.882269292
powerful,1.061324113
practical,2.728176196
preachy,-2.536685478
precious,-2.362342632
precise,1.488967391
predial,-0.738437293
predictable,-1.603766731
predominate,-0.611057136
preemptive,-3.701026452
preferable,0.012353871
pregnant,-4.527459798
prep,3.132633487
preschool,2.890125387
present,1.00675725
prestigious,5.606671673
pretentious,-3.273655981
prevalent,-1.516312576
previous,0.959883132
priceless,0.363639649
pricey,0.150920492
prim,-0.719427611
primary,2.414098316
prime,0.917124511
primitive,-0.283211907
principal,2.452142594
pristine,2.916416039
private,1.422782288
problematic,-1.952173223
profane,-3.572109908
profesional,-3.014583149
professional,5.051700241
proficient,2.659333376
profound,-1.050880677
programmable,6.318242849
progressive,0.233630398
prohibitive,-0.150420401
prolific,2.185242467
prolix,-2.989084714
prolonged,-1.88353562
prominent,-0.469579473
promising,0.32902905
promotional,5.259628595
prompt,0.73751635
prone,-2.613147726
proper,0.363341386
proprietary,3.555074889
prospective,3.137939982
protective,-0.103897843
proud,1.207107454
provisional,0.710289166
psychic,-1.418650979
psychological,0.133942917
psychotic,-1.065099445
punchy,1.448233282
punk,-3.586896476
pure,-0.349356253
purple,-1.03065559
pus,-0.238894774
puzzling,-1.305951307
quaint,-1.211283864
queer,-1.445968369
questionable,-4.460858242
quick,2.040132684
quiet,-0.784804166
quintessential,-0.529618104
quirky,0.543616085
racial,-3.403226855
racy,0.047766161
radical,-1.10146783
ragged,-1.156541856
rainy,0.764211587
rakish,-1.909842903
rambling,-0.35856125
rampant,-2.016498018
rancid,-5.296091947
random,0.651094502
rapturous,-1.644514634
rare,1.303064101
raspy,-1.128081435
raw,0.721127465
readable,2.983250927
ready,2.318959151
realistic,0.419082066
rear,0.282387305
reasonable,1.987303392
recent,1.919398145
receptive,0.045081854
rechargeable,6.196041477
reclining,1.10000076
recognisable,2.381329513
recognizable,-0.928144165
recommendable,1.424342285
recoverable,1.878813208
rectangular,2.57354711
red,0.70001279
redeeming,-3.161584136
redial,4.586442537
redundant,1.53706921
refillable,5.895892754
refined,2.354660742
reflective,2.838062046
refreshing,1.770100256
regal,1.4999352
regretful,-2.217965204
regular,2.484069805
relative,1.022715912
relentless,0.082914113
relevant,3.720678847
reliable,3.007281887
religious,-0.171441944
reluctant,-1.920101261
remarkable,1.046068327
reminiscent,-0.247966673
remorseless,-2.758154602
remote,2.522117477
removable,3.890502873
rental,3.43051183
rep,-0.103123667
repetitious,-0.353924613
repetitive,1.564540563
repitive,-1.27176161
replete,-1.927687729
repulsive,-2.528772153
reputable,1.402008893
residential,4.821347996
resounding,-1.370893978
resourceful,0.47563357
respectable,-3.047655494
respectful,-0.227615204
respective,2.873387382
respiratory,-0.180410191
responsible,3.238635105
responsive,3.360407737
restless,-2.964623471
retail,3.622173833
retentive,-3.293672266
revealing,-3.048577922
revengeful,-2.787150864
reverent,-2.459338354
revolutionary,-2.316835236
rewarding,4.221858058
rhythmic,-0.240864673
rich,0.75330506
rickety,-1.675917434
rid,-1.341768089
ridiculous,-2.944495587
right,0.727873689
righteous,-2.638802389
rigid,-0.035095762
ringed,-0.617821507
ripe,-0.002115264
risky,-1.381522356
rival,-3.248335766
rockin,1.744121892
rocky,0.81612604
romantic,-1.236819862
roomy,4.388205302
rotary,4.700950938
rough,-0.551558686
round,0.439237723
rowdy,-3.446043342
rubbery,-1.57620063
rude,-4.618973281
rugged,3.375935674
rural,0.048490726
russet,-0.076503505
rusted,-1.33910355
rustic,2.130272749
rusty,-0.12014891
ruthless,1.370456798
s,3.414626064
sad,-2.817554133
safe,0.923776477
saleable,-0.567610925
salvageable,-0.490169183
same,0.691262305
sandal,1.903174411
sandy,1.555673157
sane,-2.366107328
sappy,-2.627518738
satanic,-5.210708264
satisfactory,0.603022372
satisfying,-0.347731449
savage,-4.564560692
savory,7.833290481
scarce,-0.168095164
scary,-2.834542616
scenic,5.839487449
scheming,-1.919373317
schizophrenic,-3.78946748
scholarly,4.071201871
scientific,3.197373224
scrumptious,1.954055403
seamless,3.649373566
seasonal,3.604116711
second,0.826693671
secondary,2.382429752
secret,-1.255476698
secretive,-4.663559497
secure,2.88603419
secureid,1.127869493
sedate,-2.277585168
seedy,-2.870461292
selectable,5.081141798
selfish,-2.765665728
senior,4.65917841
sensational,-1.651316356
senseless,-3.405485341
sensitive,1.209029486
sentimental,-1.076124141
separate,1.589580911
sequal,-0.971075726
sequential,3.717025138
serial,-1.926658967
seventh,0.06839427
several,1.441598122
sexual,-1.528820785
sexy,-2.596927223
shabby,-1.341199224
shady,0.365136852
shallow,-2.11261627
shameful,-1.906496979
shameless,-3.099726925
sharp,0.035585906
sheepish,-2.184162798
sheer,-2.009566288
shiney,0.620326701
shiny,-3.085269519
shocking,-3.061293226
shoddy,-4.707872303
shoeless,-1.874105596
short,0.393246167
shorty,-0.766633702
showy,1.038652989
shrill,-5.092991309
shy,-1.040922105
sick,-2.25921591
sickalicious,-3.945526401
sickening,-4.237083782
sickly,-3.483370293
silent,-1.870065609
silky,0.410393441
silly,-2.398097912
silver,0.999256343
similar,0.903906709
simple,1.00663165
simplistic,-1.106697044
sinful,-1.361525358
single,1.141046667
singular,-0.921518675
sinister,-2.841206475
situational,1.129172611
sixth,-0.403436256
sizable,-1.272887184
sizzling,-1.400981877
skeleton,-1.6472972
skeptical,-1.742748297
sketchy,-2.975352222
skilled,1.35673393
skillful,-0.570300383
skippable,-1.342400489
slack,-2.057616776
slavish,-3.773787447
sleek,1.805522339
sleepless,-4.773477513
slender,-1.205800971
slick,-0.930780899
slight,-0.885208601
slim,-1.605676894
slippery,-1.75823999
sloppy,-2.63179842
slow,-0.390364695
sluggish,-1.676324726
slumpy,-3.003334395
sly,-3.095631539
small,1.385836165
smallish,-0.86456558
smart,0.604886264
smokey,0.709093688
smoky,0.213363059
smooth,1.882637041
smoother,2.188311375
snappy,-0.3684284
snazzy,-0.013959357
snowy,-0.000755289
soapy,-2.287905286
social,0.683365311
soft,0.180236752
softy,-2.316193655
solar,0.523670363
sole,0.367135453
solemn,0.721472883
solid,2.260918225
somber,-1.244014997
sombre,0.162843949
sonic,-0.140246972
sony,1.790297068
sophisticated,1.623403317
soporific,-3.710566301
sore,-2.736365531
sorry,-0.890736047
soulful,1.134503282
sour,-2.890364603
southern,0.437675138
southwestern,4.409853909
spacey,-0.520018359
spacious,4.98776847
spare,-2.311449744
sparse,-0.89933656
spastic,-1.879364868
special,1.34603357
specialized,5.354676332
specific,1.821790815
spectacular,0.608540101
speedy,-0.997719771
spirited,-3.38233337
spiritual,-0.057498684
splendid,2.002099367
spoiled,-3.208503537
spongy,-0.264103873
spontaneous,-0.442177578
sporadic,0.451821983
sporting,0.591602182
sporty,1.948613045
spotless,-1.379265278
spotty,-0.627588793
springy,-2.296829939
spunky,-3.077996688
sq,6.054462167
squared,1.915096094
squat,-1.83034863
squeaky,-2.531627896
squeamish,-4.50706765
stable,-0.113038119
stagnant,-4.132546311
stagy,-2.762814597
stainless,0.072853923
stale,-1.984389202
standard,0.938855259
stark,-1.021015491
startling,-1.050035121
static,-1.824837364
steady,-2.356525972
steep,-1.452179884
stellar,0.31120845
stereotypical,-2.85335152
steroid,-2.141725262
sticky,-4.309539368
stiff,-4.412377718
stilted,-1.394094125
stinky,-2.681219998
stormy,-4.45662301
straightforward,-0.325272362
strange,-3.10122248
strategic,1.786919049
stray,-1.161666017
streamlined,1.462861587
strenous,-3.310602392
strict,0.40609094
striking,-2.42250306
stringed,1.811104112
strong,-0.159241948
structural,0.102161396
stubborn,-2.419903348
stubby,-0.067066622
stuffy,-3.139649212
stunning,-0.881853437
stupid,-4.802860769
sturdy,2.176096597
stylish,4.601513905
stylistic,-0.996070938
subjective,0.570299349
subsequent,-0.982710444
substantial,0.048297436
subtle,-2.689232008
subtlest,-2.529445078
subversive,-2.290458152
successful,1.364807445
such,0.669845422
sudden,-3.448026758
sufficient,-0.365015864
suitable,0.967377954
sultry,-3.372112079
sumptuous,0.357573359
sunny,-2.083669474
super,0.254239543
superb,3.864071427
superdrive,2.716106036
superficial,-4.349281213
superior,1.453590372
supernatural,-3.116573079
supplementary,1.775430711
supportive,0.586171915
supreme,-0.417509326
surly,-1.892834744
surprising,-1.244368782
surreal,-2.112474732
suspenseful,-2.194144556
suspensful,-1.478401405
suspicious,-2.12780898
swedish,-1.04359972
sweet,-1.759396095
swell,-0.498340491
sweltering,-0.913220956
swiss,0.500279107
swivel,3.820378563
syllabus,1.786510431
symbolic,-0.151840188
symmetric,3.159117849
sympathetic,-3.774486641
symphonic,1.607206912
synchronized,-0.303692649
synonymous,-1.070835061
synthetic,2.538288703
tabloid,-4.173006372
tacky,-3.231163298
tactile,1.029811148
talented,0.909726765
tall,-1.132740276
tan,-1.331591398
tangible,1.842614832
taped,-1.048738115
tapered,2.697225568
targus,10.10711643
tasteful,1.230852831
tasty,0.614034127
taurus,0.334697706
technical,4.570141988
technological,2.284745975
tedious,-0.882262493
teen,-2.155157571
teenage,-3.11968987
teeny,-4.697212801
temperamental,-0.815373431
tempermental,-1.723475852
temporary,1.908805791
tempting,-2.335942917
tender,-1.723740446
tense,-0.973609543
tenth,0.250560548
terminal,-0.74858943
terrestrial,0.182447983
terriable,-2.59214933
terrible,-0.589264926
terrific,1.621947438
terrifying,-0.699040994
terse,-1.065743222
thankful,0.609890892
thankless,-1.477830513
thermal,4.224962355
thick,-1.294987194
thin,-0.080964963
thingy,-2.512591
third,1.07430811
thirsty,-1.66638589
thorough,2.183765619
thoughtful,0.015842283
thrilling,-0.781209581
throaty,-0.535000106
tight,-0.847848594
tiny,-1.418072809
tipsy,-1.371515982
tiresome,-2.877568012
token,-1.433963455
tolerant,0.579113552
top,2.117065466
topiary,1.870685218
torrid,-2.583598435
torsional,6.201716065
tortured,-4.104188284
tossable,-2.354258347
touchy,-3.575472956
tough,-1.369711495
touristy,2.19316823
traditional,2.247038955
tragic,-2.079662846
tranquil,0.848726759
translatable,-1.953027274
translucent,1.396175576
trashy,-3.139079749
tremendous,0.76366709
trendy,-0.209334413
triangular,0.17823107
tribal,-1.04978593
tricky,-0.96605068
trite,-3.271901881
triumphant,-2.620850186
trivial,-1.680283759
tropical,1.210587482
troublesome,-1.540448646
trusty,-2.617686868
truthful,0.228088623
tty,2.768702263
tubular,2.328934666
turbulent,-0.250793358
turgid,-2.153495664
turquoise,3.802052336
twin,0.597976028
twisty,-1.211256529
typical,1.111023247
ubiquitous,1.171631522
ugly,-2.182270552
ultimate,1.900296381
unable,0.757076901
unabridged,-0.887894849
unacceptable,-1.227000383
unanswered,0.091075006
unappealing,-1.413543993
unappropriate,-1.818222314
unattended,1.446445541
unattractive,-3.031894135
unavailable,3.184865178
unavoidable,0.054420732
unbalanced,-1.616996447
unbelievable,-1.228982466
unbidden,-2.825545786
unborn,-2.600156127
uncanny,-0.189047014
uncaring,-3.007127445
uncertain,-0.216042933
unchanged,2.013127988
uncharacteristic,-1.74402307
unclean,-4.240935171
unclear,-0.66883162
uncluttered,4.821880946
uncoated,4.995242034
uncomfortable,-2.012935569
uncommon,0.485575476
uncontrollable,-3.412310957
unconventional,1.250900279
unconvinced,-1.557352678
unconvincing,-2.013031032
uncreative,-2.071836992
uncredited,-1.40439383
undamaged,1.291377623
undeniable,-1.033437688
undercover,0.299724573
underdeveloped,-1.132394671
underground,-0.555985955
underpaid,-1.540682314
understandable,0.630788709
underwater,2.456831004
undiscovered,-0.52325569
undying,-1.912757102
uneasy,-1.072319988
unecessary,-1.028887065
unedited,0.608764283
unenjoyable,-1.916811708
unesthetic,-4.99367509
unethical,-1.539932478
uneven,1.199650664
unexpected,0.125570637
unexplained,-1.795471958
unfair,-1.340330912
unfamiliar,1.053203563
unfavorable,-0.236339431
unfinished,-0.726291296
unforgettable,2.23673474
unforgivable,-3.234867587
unforgiving,-1.168472996
unfortunate,-7.19422587
unfriendly,-1.847912483
unhappy,-2.835697081
unhealthy,-0.341334326
unheard,0.466474498
unhelpful,-1.439196152
unhurried,1.82851905
unidentifiable,-1.482499533
unimaginative,-2.407526815
unimportant,0.309405498
unimpressed,-1.181401104
unimpressive,-1.749143256
uninspired,-1.126381054
uninstalled,0.898108476
unintelligent,-2.923440481
unintended,-0.392399125
unintentional,-0.89767761
uninterested,-1.663931258
uninteresting,-2.226537872
uninvited,-1.908283594
unique,5.150529506
universal,1.395825116
unjust,-2.158090601
unkempt,-2.138663527
unknown,0.535564504
unleaded,1.927222297
unlikely,0.021620043
unlimited,1.541230503
unlistenable,-1.953256998
unlisteneable,-7.936977357
unmatched,6.319922809
unmeasurable,-0.256607052
unmotivated,-1.668970408
unmount,-2.119386539
unmoving,-2.838793794
unnamed,0.296414853
unnatural,0.027171083
unnecessary,0.149853522
unnerving,-1.174881592
unoccupied,0.394312056
unoriginal,-2.298835504
unorthodox,0.034083679
unpainted,1.758279167
unparalleled,3.087738985
unpleasant,-3.202682239
unplug,1.155944256
unplugged,-1.071617558
unpolished,-0.979529131
unprecedented,0.222114337
unpredictable,0.881429442
unprepared,-1.71624119
unready,-2.691000474
unreal,-1.458933819
unrealistic,-0.010862985
unreasonable,-1.55457988
unredeemable,-4.359456394
unrefined,-0.213337639
unrelated,-0.323631334
unreleased,-0.963033879
unrelenting,-1.654121278
unreliable,0.351784978
unremarkable,-0.601731586
unrestricted,3.612392549
unshaven,-3.049113888
unsightly,0.887390208
unspectacular,-1.27604743
unstable,-0.667233137
unsteady,-0.294710637
unsuccessful,0.158456993
unsure,0.402669998
unsuspectable,-2.007579886
unsuspecting,-3.230364377
unsympathetic,-2.386414382
untimely,-2.841948633
untold,0.105451431
untried,-0.842235739
untrue,0.537389767
unusable,-1.38462638
unused,2.136249114
unusual,1.59099288
unveil,-0.336503749
unveiling,0.876659397
unwanted,-0.210002642
unwarranted,-2.930127288
unwashable,-4.162633009
unwelcome,-2.268498408
unwilling,-2.746383756
unworthy,-1.415731958
unwrapped,1.164026073
upbeat,1.33663418
upcoming,4.414866655
upgradable,4.250903635
upgradeable,6.085042952
uphill,0.959327895
upper,2.195128801
urban,1.423224815
urgent,0.44479465
usable,2.909747659
useable,1.84922019
useful,3.254680591
useless,-3.480919015
ussual,-2.630880375
usual,0.341146926
utmost,-0.008677876
utter,-4.021829923
vague,-2.802137152
valiant,-0.205685055
valid,2.759668571
valuable,2.775220041
variable,0.393592193
various,1.666334888
vengeful,-4.065289059
venomous,-3.132075442
ventilated,3.571755399
verbal,-1.644775003
veritable,-0.939794862
vernacular,-1.156075941
versatile,4.26984085
vertical,0.98711211
vestigial,-3.397653866
viable,0.334824366
vicious,-6.37834334
video,3.021758125
viewable,2.778304378
violent,-1.915779091
virginal,-2.744873446
virtual,3.342666693
visible,-0.085160115
visual,2.112431158
vital,1.025794177
vivid,-1.770736968
vocal,-1.1470021
voluminous,-0.285227363
vulgar,-1.868124392
vulnerable,-0.796509065
warm,0.539351581
wary,-2.938589531
watchable,-3.556130006
weak,-1.347610498
wealthy,-3.879636126
weary,-2.693140213
weekday,3.043448596
weekly,1.496559132
weird,-1.877015959
weirdish,-2.980902753
welcome,3.022825389
western,1.178702973
wet,-1.47565631
whimsical,-0.134620642
whiney,-3.870975053
white,0.155010845
whole,-0.129356168
wholesome,0.532230636
whopping,-1.606687809
wicked,-5.177019327
wide,2.784018671
wifey,-3.047292313
wild,-1.229489634
willing,-0.270735419
winded,-3.20674163
winy,-2.905783938
wireless,3.594417551
wise,-0.593231831
wistful,-2.616695116
witty,-1.21673784
wobbly,-2.095614716
wonderful,1.679471842
wondrous,-4.781488204
wooden,-1.981967843
woodland,4.27061524
woody,0.343218258
wordless,-1.968705112
workable,1.230552794
workaholic,-1.673813267
workhaholic,1.226914603
worldwide,4.953327191
worth,0.664143171
worthless,-4.103001467
worthwhile,0.137653616
worthy,-1.620986439
wrecked,-4.476479795
wretched,-1.662371402
wrong,-3.688041474
wrongful,-1.648376413
yal,0.605491917
yellow,-0.40427359
young,-0.52984079
youthful,-0.128726246